Name,Link,Category,Location,Description,Tags,Programs,Who They Serve,Neighborhood,Impact,Themes,Age Group,Volunteer Friendly
Greater Chicago Food Depository,https://www.chicagosfoodbank.org/,Food,"Chicago, IL - Avondale","The Greater Chicago Food Depository strives to end hunger by connecting neighbors with healthy food and advancing solutions that address the root causes of hunger. They supply donated and purchased food to a network of 650+ pantries, soup kitchens, and shelters across Cook County. They also invest in programs and services to lift neighbors out of poverty and into a secure and healthy future.","food security, hunger relief, nutrition, advocacy, volunteering, community building, Cook County, food bank","Food Assistance Programs; Food & Medical Benefits Navigation; Nutrition Resources; Support for Families; Support for Older Adults; Support for Students; Lunch Bus; Producemobile; Advocacy; Virtual Food Drives; Volunteer Opportunities","Low-income individuals and families in Cook County; 1 in 6 Cook County residents",citywide,96 million meals provided across all food programs during fiscal year 2025,"basic needs, community building, public health, systemic change",all ages,yes
Cara Collective,https://caracollective.org/,Economic Mobility,"Chicago, IL","Cara Collective is dedicated to developing employment pathways and individual and community success. Their mission is to build an inclusive economy by unlocking the strengths of people experiencing homelessness and poverty, helping them find gainful employment. They aim to eradicate relational and financial poverty through workforce training and social enterprise.","workforce development, job placement, poverty reduction, homelessness, community development, social enterprise, employment training, economic mobility","Cara (workforce training program); CleanSlate (transitional employment); Cara Plus (intensive support)","People experiencing homelessness and poverty; job seekers; returning citizens",citywide,17263 jobs placed since 1991,"economic mobility, workforce development, community building, systemic change, mentorship",adults,yes
Chicago Public Library Foundation,https://cplfoundation.org/,Education,"Chicago, IL","The Chicago Public Library Foundation accelerates the potential of the public library by investing in resources that transform lives and communities. They fund programs not covered by tax dollars to expand access, advance learning, and connect communities in every neighborhood. Their goal is to close the academic opportunity gap and bring tools for success to all Chicagoans.","education, literacy, digital inclusion, workforce development, arts, culture, community, Chicago","YOUmedia (teen digital media labs); Live from the Library; Summer Learning Activities; Afterschool Homework Help; Computer Courses on Chicago DigitalLearn; One-on-One Digital Literacy with CyberNavigators","All Chicagoans; emphasis on youth and underserved communities",citywide,445000+ library users served by donor-funded programs in 2024 — an increase of over 100000 from 2023,"education access, community building, economic mobility, youth empowerment",all ages,no
Alliance for the Great Lakes,https://greatlakes.org/,Environment,"Chicago, IL","The Alliance for the Great Lakes is a nonpartisan nonprofit working across the region to protect the fresh, clean, and natural waters of the Great Lakes. They combine advocacy, research, and education to prevent pollution, restore habitats, and fight for environmental justice. Their work spans legislative action, community engagement, and K–12 education.","Great Lakes, water protection, environmental advocacy, conservation, pollution, education, research, community","Adopt-a-Beach Cleanup; Great Lakes in My World (K-12 curriculum); Alliance Ambassadors; Plastic-Free Great Lakes Toolkit; Harmful Algal Bloom Monitoring; Invasive Carp Prevention; Water Affordability Advocacy","Communities and ecosystems of the Great Lakes region; low-income households; K-12 students",citywide,Won a historic cleanup goal for Lake Erie with a commitment to a 40% reduction in nutrient pollution by 2025,"environmental justice, systemic change, community building, education access, public health",all ages,yes
Center on Halsted,https://www.centeronhalsted.org/,LGBTQ,"Chicago, IL - Lakeview (Boystown)","Center on Halsted is the Midwest's most comprehensive community center dedicated to advancing the health, wellness, and cultural enrichment of Chicago's LGBTQ+ community. Since 1973, it has provided a vast array of programs and services — from behavioral health to senior care — fostering connection and purpose for tens of thousands annually. It also operates Town Hall Apartments, the area's first LGBTQ-friendly affordable housing project.","LGBTQ+, health, wellness, culture, community, youth, seniors, affordable housing","Behavioral Health Services; HIV/STI Testing & Resources; Youth Programming; Pride in Aging (Senior Center); Education & Employment Services; Arts & Theater; Recreation & Wellness; Social Events; Town Hall Apartments (affordable housing)","LGBTQ+ individuals of all ages; emphasis on youth and seniors",Lakeview,19361 individuals served annually,"safe spaces, community building, mental health, housing stability, youth empowerment, public health",all ages,yes
Chicago Coalition for the Homeless,https://chicagohomeless.org/,Housing,"Chicago, IL","The Chicago Coalition for the Homeless is the only Illinois nonprofit committed exclusively to advocating for public policy that will curb and end homelessness. They build community power and advance racial equity through organizing, advocacy, legal assistance, and education. CCH targets the lack of affordable housing across Illinois and metropolitan Chicago.","homelessness, housing, advocacy, legal aid, racial equity, community organizing, policy, affordable housing","Housing Justice Advocacy; Youth Homelessness Programs; Reentry Support; Educational Rights; Civil Rights Legal Aid; Public Benefits Navigation; Racial Equity Initiatives; Policy & Budget Advocacy; Community Education & Outreach; Data & Research","People experiencing or at risk of homelessness in Chicago and Illinois; youth; returning citizens",citywide,4000+ people impacted by homelessness reached via outreach annually,"housing stability, basic needs, systemic change, community building, education access, youth empowerment",all ages,no
Paws and Claws Cat Rescue,https://www.pawsandclawscatrescue.org/,Animal,"Evanston, IL (Chicagoland)","Paws and Claws Cat Rescue is a 501(c)(3) nonprofit dedicated to preventing and alleviating the suffering of cats caused by abuse, neglect, and overpopulation. They rescue and rehabilitate cats and help them find loving forever homes. The organization relies entirely on volunteers and fosters across the Chicagoland area.","cat rescue, animal welfare, adoption, fostering, Chicagoland, Evanston, nonprofit, volunteering","Foster Program; Adoption Program; Donation Campaigns; Paw Print Club (recurring giving)","Cats in need from the Chicagoland area and greater Midwest","Evanston, Chicagoland area",Raised $115000 through The Catalyst Ball to support their rescue mission,"community building, basic needs",all ages,yes
The Night Ministry,https://thenightministry.org/,Housing,"Chicago, IL","The Night Ministry is a Chicago-based organization whose mission is to provide human connection, housing support, and health care to members of the community who are unhoused or experiencing poverty. Their outreach workers go out at night to meet people where they are, offering care without judgment. They also provide transitional and permanent supportive housing for individuals and families in crisis.","unhoused, poverty, housing support, health care, human connection, youth, adults, outreach","Human Connection Outreach; Housing (Transitional & Permanent Supportive); Health Care Services; Youth Housing; Overnight Outreach & Health Bus","Unhoused individuals and families; youth experiencing homelessness; people in poverty",citywide,5429 individuals who are unhoused or experiencing poverty provided with lifesaving resources in one year,"basic needs, housing stability, community building, public health, youth empowerment",all ages,yes
GirlForward,https://www.girlforward.org/,Youth Development,"Chicago, IL - Edgewater","GirlForward is a community of support dedicated to creating and enhancing opportunities for girls who have been displaced globally by conflict and persecution. They support girls in grades 9–12 who are refugees, immigrants, and asylum seekers through mentoring, education, and safe spaces programs. Each girl is paired with a local female mentor for tutoring, career guidance, and personal support.","refugee support, immigrant support, youth empowerment, mentorship, education access, safe spaces, community building, girls","Mentoring Program (1-on-1 female mentors); Education Program (Camp GirlForward, Tutoring, SAT Prep, English Classes); Safe Spaces Program (clothing & supplies distribution, neighborhood exploration)","Refugee, immigrant, and asylum-seeking girls in grades 9–12",Edgewater,Girls served describe GirlForward as their primary sense of community and home in Chicago; expanded to Austin TX in 2018,"mentorship, safe spaces, community building, education access, youth empowerment, immigrant support",youth,yes
Above and Beyond Family Recovery Center,https://aboveandbeyondfrc.org/,Addiction Recovery,"Chicago, IL - West Side","Above and Beyond Family Recovery Center is a 501(c)(3) nonprofit providing free outpatient addiction treatment for Chicago's most vulnerable communities. Their mission is to offer dignified, evidence-based care to those managing addiction, homelessness, and unemployment — ensuring no one is left behind. They serve primarily the West Side and provide wraparound services including housing and employment support.","addiction treatment, recovery, homelessness, unemployment, free services, trauma-informed care, peer support, West Side","Sober Support Groups; Intensive Outpatient Programming; Outpatient Programming; Early Intervention; Housing and Employment Support; CRSS Peer Support; Recovery on Wheels (mobile outreach); Beyond Medicine","Adults facing addiction, homelessness, unemployment; justice-involved clients; underserved West Side communities",West Side,10000+ patients enrolled since founding,"mental health, public health, basic needs, housing stability, economic mobility, workforce development",adults,no
Chicago Cares,https://www.chicagocares.org/,Volunteering,"Chicago, IL","Chicago Cares redefines volunteerism by co-designing service programs with community leaders from Chicago's South, West, and Northwest sides to fulfill neighborhood Quality-of-Life Plans. They organize thousands of service projects annually focused on the most pressing issues within the city, driving community engagement and social change through volunteerism. Since 2017, they have connected over 25000 volunteers and influenced over $10 million in community investment.","volunteering, community service, civic engagement, community development, social impact, equity, education, Chicago","Volunteer Experiences (individual and group); Educational Forums; Corporate Volunteer Programs; Community Quality-of-Life Plan Projects","Individual volunteers, groups, companies; residents of Chicago's South, West, and Northwest sides",citywide,25000+ volunteers connected and $10 million+ in community investment influenced since 2017,"community building, systemic change, education access, workforce development, youth empowerment, basic needs",all ages,yes
WorldChicago,https://www.worldchicago.org/,International Support,"Chicago, IL","WorldChicago is a 501(c)(3) nonprofit dedicated to promoting Citizen Diplomacy through programs that connect the Chicago community with the world. Through international exchanges and youth diplomacy programs, WorldChicago helps advance national security, economic development, and social justice. They engage leaders from Chicago's 77 neighborhoods alongside international visitors.","citizen diplomacy, international exchange, global connections, youth development, professional development, cultural exchange, global leadership, Chicago","Civic Voices in Action (Chicago-Vienna Exchange); Entrepreneurship & Justice-Impacted Communities Exchange; Austria to America Program; Digital Creators Program (South Korea); Youth Diplomats; Young Global Citizens Initiative (YGCI)","International leaders; Chicago community members; students and professionals from all 77 Chicago neighborhoods; high school students",citywide,301 virtual exchange visitors engaged in 2020; programs active across multiple continents,"community building, education access, youth empowerment, immigrant support, workforce development",all ages,yes
Chicago Community Trust,https://www.cct.org/,Economic Mobility,"Chicago, IL - Loop","Founded in 1915, the Chicago Community Trust is one of the nation's oldest and most significant community foundations, mobilizing resources to address the Chicago region's most pressing needs. CCT funds hundreds of nonprofits annually and leads initiatives focused on closing the racial and ethnic wealth gap. Their work spans education, economic opportunity, housing, health, and arts.","community foundation, philanthropy, grantmaking, racial equity, economic opportunity, housing, education, Chicago","Grantmaking; Donor-Advised Funds; Equity Initiatives; Economic Opportunity Programs; Housing Programs; Arts & Culture Funding; ON THE TABLE Community Conversations","Nonprofit organizations; donors; Chicago-area residents; communities of color",citywide,Awarded $400 million+ in grants to the Chicago region in recent years,"economic mobility, systemic change, community building, housing stability, education access",all ages,no
PAWS Chicago,https://www.pawschicago.org/,Animal,"Chicago, IL - Lincoln Park & West Loop","PAWS Chicago is the city's largest no-kill humane organization, working to eliminate the killing of homeless pets through lifesaving programs. Since 1997, PAWS has dramatically reduced the euthanasia rate of dogs and cats in Chicago through adoption, foster, spay/neuter, and community programs. They operate the largest pet adoption and foster programs in Chicago.","animal welfare, no-kill, pet adoption, foster, spay-neuter, Chicago, homeless pets, community","Pet Adoption; Foster Program; Spay/Neuter Clinic; Mobile Surgical Van; Medical Foster Program; Lurie Family Spay/Neuter Clinic; Community Cats Program; Volunteer Program","Homeless and at-risk pets in Chicago; pet adopters and fosters; community members","Lincoln Park, West Loop",Reduced Chicago's animal shelter kill rate from 42000 animals per year in 1997 to near-zero today,"community building, public health, basic needs",all ages,yes
Thresholds,https://www.thresholds.org/,Mental Health,"Chicago, IL","Thresholds provides home, health, and hope for thousands of people in Illinois each year who are living with mental illness and substance use disorders. As Illinois' largest and most experienced community mental health organization, they offer a full continuum of care including housing, healthcare, and employment services. Their approach is grounded in recovery-oriented, trauma-informed care.","mental health, substance use, recovery, housing, healthcare, employment, Illinois, trauma-informed","Psychiatric Rehabilitation; Substance Use Treatment; Supportive Housing; Employment Services; Healthcare; Crisis Services; Youth & Young Adult Programs; Veterans Services","Adults and youth living with mental illness and/or substance use disorders in Illinois",citywide,Serves 10000+ people annually across Illinois with mental health and housing support,"mental health, housing stability, public health, workforce development, basic needs",all ages,no
Heartland Alliance,https://www.heartlandalliance.org/,Housing,"Chicago, IL","Heartland Alliance is a leading anti-poverty organization serving people who are homeless, living in poverty, or seeking safety. They provide a comprehensive range of services including housing, healthcare, legal aid, and economic advancement. Heartland Alliance works across Illinois and internationally to advance the human rights of vulnerable people.","anti-poverty, housing, healthcare, legal aid, economic advancement, human rights, immigration, Chicago","Supportive Housing; Health Care Services; Workforce Development; Legal Services; Immigrant & Refugee Services; Mental Health Services; Re-entry Services","People experiencing homelessness, poverty, immigration challenges, or seeking safety; immigrants and refugees",citywide,Serves 30000+ people annually across Illinois and internationally,"housing stability, basic needs, mental health, workforce development, immigrant support, public health",all ages,no
Association House of Chicago,https://www.associationhouse.org/,Education,"Chicago, IL - Humboldt Park","Association House is a nonprofit organization located in Humboldt Park that provides wraparound services in English and Spanish to children, families, and adults. They offer a broad range of programs including early childhood education, behavioral health, workforce development, and community services. Their bilingual approach ensures equitable access for Chicago's Latino community.","bilingual services, education, behavioral health, workforce development, Humboldt Park, Latino community, wraparound services, Chicago","Early Childhood Education; Behavioral Health Services; Workforce Development; Adult Education; Youth Programs; Community Services; Family Support","Children, families, and adults in Humboldt Park and surrounding neighborhoods; Latino and immigrant communities",Humboldt Park,Serves thousands of residents annually with bilingual wraparound services in one of Chicago's most underserved neighborhoods,"education access, mental health, workforce development, community building, immigrant support, youth empowerment",all ages,yes
Casa Central,https://www.casacentral.org/,Youth Development,"Chicago, IL - Humboldt Park","Casa Central has been serving the community since 1954, providing essential programs for children, families, and older adults that transform lives and uplift communities. They are one of the largest Latino social service agencies in the Midwest, offering services in early childhood, youth development, family support, and senior care. Their bilingual staff ensures culturally competent care for Chicago's Hispanic community.","Latino community, social services, youth development, early childhood, senior care, bilingual, Humboldt Park, Chicago","Early Childhood Programs; Youth Development; Family Support Services; Senior Services; Adult Education; Community Programs","Children, families, and older adults in Chicago's Latino community; emphasis on Humboldt Park and West Town",Humboldt Park,Serves 5000+ individuals annually across multiple program areas since 1954,"education access, community building, youth empowerment, basic needs, immigrant support",all ages,yes
Big Shoulders Fund,https://www.bigshouldersfund.org/,Education,"Chicago, IL","Big Shoulders Fund supports Catholic schools in Chicago's most under-resourced neighborhoods, ensuring that low-income children have access to a quality education. They provide scholarships, teacher training, and school improvement grants to help these schools thrive. Their work ensures that thousands of children in underserved communities can attend high-quality schools.","Catholic schools, education, scholarships, teacher training, low-income, underserved, Chicago, school improvement","Scholarships; Teacher Training & Professional Development; School Improvement Grants; Leadership Development; Technology Support","Low-income children and families in Chicago's most under-resourced neighborhoods",citywide,Supports 50+ Catholic schools and provides millions in scholarships to low-income students annually,"education access, community building, youth empowerment, economic mobility",youth,no
Habitat for Humanity Chicago,https://www.habitatchicago.org/,Housing,"Chicago, IL","Habitat for Humanity Chicago builds and rehabilitates homes with and for low-income families in Chicago, making homeownership accessible and affordable. Volunteers and future homeowners work side by side to build decent, affordable housing. Beyond construction, Habitat Chicago offers financial literacy and homeownership education to set families up for long-term success.","affordable housing, homeownership, construction, volunteers, low-income, financial literacy, community development, Chicago","Home Building & Rehabilitation; Homeownership Education; Financial Literacy Programs; ReStore (resale home improvement store); Volunteer Build Days","Low-income families seeking affordable homeownership in Chicago",citywide,Has built and rehabilitated hundreds of homes in Chicago since its founding,"housing stability, community building, economic mobility, workforce development",all ages,yes
Chicago Youth Centers,https://www.chicagoyouthcenters.org/,Youth Development,"Chicago, IL","Chicago Youth Centers has been empowering youth in Chicago's most underserved communities for over 60 years. They provide after-school programs, summer camps, and year-round youth development services that help young people build skills, confidence, and a path to success. Their centers are located in neighborhoods with the greatest need on the South and West sides.","youth development, after-school, summer camp, mentorship, South Side, West Side, education, empowerment","After-School Programs; Summer Camp; Teen Programs; STEM Education; Arts Programs; Sports & Recreation; Family Engagement","Youth ages 6–18 in Chicago's South and West Side neighborhoods","South Side, West Side",Serves thousands of youth annually across multiple neighborhood centers,"youth empowerment, education access, mentorship, community building, safe spaces",youth,yes
Gilda's Club Chicago,https://www.gildasclubchicago.org/,Mental Health,"Chicago, IL - Lincoln Square","Gilda's Club Chicago offers free social and emotional support programs for people living with cancer and their families and friends. Named after comedian Gilda Radner, who died of ovarian cancer in 1989, the organization provides hundreds of programs monthly including support groups, educational workshops, and social activities. All programs are free and open to anyone touched by cancer.","cancer support, mental health, free programs, support groups, education, community, family, wellness","Support Groups; Educational Workshops; Social Activities; Kids & Teens Programs; Networking Groups; Mind-Body Programs; Noogieland (children's program)","People living with cancer and their families, friends, and caregivers","Lincoln Square",Provides 200+ free programs monthly to hundreds of community members affected by cancer,"mental health, community building, public health, safe spaces",all ages,yes
Care for Real,https://careforreal.org/,Food,"Chicago, IL - Edgewater","Care for Real is a nonprofit focused on reducing food insecurity on Chicago's North Side, distributing food and clothing to community members six days a week. Founded over 50 years ago, they continue to serve neighbors in need with dignity and respect. They also support local animal welfare by providing families with supplies from their pet pantry.","food insecurity, food pantry, clothing, North Side, Edgewater, community, pet pantry, dignity","Food Pantry (6 days/week); Clothing Distribution; Pet Pantry; Community Outreach","Low-income individuals and families on Chicago's North Side; pet owners in need",Edgewater,Serves thousands of neighbors annually with food and clothing six days a week for over 50 years,"basic needs, community building, public health",all ages,yes
Working Bikes,https://www.workingbikes.org/,Economic Mobility,"Chicago, IL - Little Village","Working Bikes believes every person deserves a set of two wheels. This nonprofit operates out of Little Village and sells refurbished bicycles and bike parts at affordable prices, using proceeds to support its mission of reducing waste and promoting personal wellness. Each year, Working Bikes donates approximately 1500 bikes to local children and adults and ships an estimated 7000 bikes abroad.","bicycles, sustainability, transportation, Little Village, refurbished bikes, international donations, community, wellness","Refurbished Bike Sales; Local Bike Donations (youth & adults); International Bike Shipping (Americas & Africa); Volunteer Repair Workshops; Youth Programs","Community members needing affordable transportation; children and adults locally; communities in the Americas and Africa","Little Village",Donates ~1500 bikes locally and ships ~7000 bikes internationally each year,"community building, economic mobility, environmental justice, youth empowerment",all ages,yes
Chicago CRED,https://www.chicagocred.org/,Criminal Justice,"Chicago, IL - South & West Sides","Chicago CRED (Create Real Economic Destiny) is dedicated to reducing gun violence in Chicago by breaking the cycle of underlying factors that cause it. The organization deploys outreach workers, mentors, and life coaches to reach community members from economically disadvantaged communities. They focus on the South and West Sides where gun violence is most concentrated.","gun violence, violence prevention, outreach, mentorship, economic opportunity, South Side, West Side, Chicago","Street Outreach; Mentorship & Life Coaching; Workforce Development; Mental Health Services; Legal Aid; Community Healing","Young adults at highest risk of gun violence on Chicago's South and West Sides","South Side, West Side",Has served thousands of high-risk individuals with outreach and wraparound services to reduce gun violence,"systemic change, mentorship, economic mobility, mental health, workforce development, community building",adults,no
Collaboraction,https://collaboraction.org/,Arts & Culture,"Chicago, IL","Collaboraction is a Chicago theater company that uses the arts as a tool for social justice and community change. Their annual Peacebook festival brings community artists to the stage to call for societal change using music, dance, and spoken word. Their program The Light pairs young performers with older mentors who provide guidance on blending art with activism.","theater, social justice, arts, community, youth, mentorship, activism, spoken word","Peacebook Festival; The Light (youth arts mentorship); Community Theater Productions; Social Justice Workshops","Chicago community members; youth artists; social justice advocates",citywide,Annual Peacebook festival engages hundreds of artists and community members in social justice storytelling,"community building, mentorship, youth empowerment, safe spaces, systemic change",all ages,yes
Imerman Angels,https://www.imermanangels.org/,Mental Health,"Chicago, IL","Imerman Angels provides free one-on-one cancer support by thoughtfully connecting cancer fighters, survivors, and caregivers with someone who has faced the same type of cancer. Their peer support model ensures that no one faces cancer alone, offering emotional support and practical guidance. They serve people across all 50 states and in over 100 countries.","cancer support, peer support, mentorship, survivors, caregivers, mental health, free services, global","One-on-One Cancer Mentor Matching; Caregiver Support Matching; Online Support Community; Resource Library","Cancer patients, survivors, and caregivers across the U.S. and internationally",citywide,Has matched 30000+ cancer fighters and survivors with mentors across 100+ countries,"mental health, community building, mentorship, public health",all ages,no
A Safe Haven Foundation,https://www.asafehaven.org/,Housing,"Chicago, IL","A Safe Haven Foundation helps people aspire, transform, and sustain their lives from homelessness to self-sufficiency with pride and purpose. They provide a comprehensive continuum of care including housing, healthcare, workforce training, and social enterprise opportunities. Their model is designed to address the root causes of homelessness and poverty.","homelessness, housing, workforce training, social enterprise, self-sufficiency, Chicago, recovery, community","Transitional Housing; Permanent Supportive Housing; Workforce Development; Healthcare Services; Social Enterprise (Safe Haven Farm Works); Recovery Programs; Family Services","Individuals and families experiencing homelessness; veterans; people in recovery",citywide,Has served 100000+ individuals since founding with housing and self-sufficiency programs,"housing stability, basic needs, workforce development, mental health, community building",all ages,yes
Afterschool Matters,https://www.afterschoolmatters.org/,Youth Development,"Chicago, IL","After School Matters is a Chicago nonprofit that provides Chicago high school teens with after-school and summer program opportunities to explore their interests and develop their talents. Programs are offered in arts, communications, sports, STEM, and more, and are taught by professional instructors. They partner with the Chicago Park District, Chicago Public Schools, and community organizations citywide.","youth development, after-school, teens, arts, STEM, sports, Chicago, high school","Arts Programs; Communications & Media; Sports Programs; STEM Programs; Apprenticeships; Summer Programs","Chicago high school teens, ages 14–18",citywide,Serves 20000+ teens annually across Chicago neighborhoods,"youth empowerment, education access, mentorship, community building, safe spaces",youth,no
Youth Guidance,https://www.youthguidance.org/,Youth Development,"Chicago, IL","Youth Guidance creates and implements school-based programs that help kids overcome the life challenges that can stand in the way of their success. Their evidence-based Becoming a Man (BAM) and Working on Womanhood (WOW) programs use sports and group sessions to teach social-emotional skills. They serve students in Chicago and other cities across the country.","youth development, school-based, social-emotional learning, mentorship, boys, girls, Chicago, evidence-based","Becoming a Man (BAM); Working on Womanhood (WOW); School-Based Counseling; STEM Programs; Sports-Based Programs","At-risk youth in Chicago Public Schools; emphasis on underserved South and West Side communities",citywide,BAM participants are 19% more likely to graduate high school and 30% less likely to be arrested,"youth empowerment, mentorship, education access, mental health, community building",youth,no
BUILD Chicago,https://www.buildchicago.org/,Criminal Justice,"Chicago, IL - Humboldt Park & Pilsen","BUILD (Broader Urban Involvement and Leadership Development) is a Chicago nonprofit that uses street outreach, youth programming, and community development to prevent violence and empower young people. They work in some of Chicago's most challenged neighborhoods, providing alternatives to gang involvement and pathways to positive futures. Their approach combines crisis intervention with long-term youth development.","violence prevention, street outreach, youth development, gang intervention, Humboldt Park, Pilsen, Chicago, community","Street Outreach & Intervention; Youth Development Programs; Community Organizing; Arts Programs; Sports Programs; Case Management","At-risk youth and young adults in Chicago's Humboldt Park, Pilsen, and surrounding neighborhoods","Humboldt Park, Pilsen",Has served thousands of at-risk youth with violence prevention and development programs for over 50 years,"youth empowerment, community building, safe spaces, mentorship, systemic change",youth,yes
YWCA Metropolitan Chicago,https://www.ywcachicago.org/,Women Empowerment,"Chicago, IL","YWCA Metropolitan Chicago is dedicated to eliminating racism, empowering women, and promoting peace, justice, freedom, and dignity for all. They provide a wide range of services including domestic violence support, economic advancement programs, and racial justice initiatives. As one of Chicago's oldest and largest women's organizations, they serve thousands of women and families each year.","women empowerment, racial justice, domestic violence, economic advancement, Chicago, advocacy, community, equity","Domestic Violence Services; Economic Advancement Programs; Racial Justice Initiatives; Leadership Development; Workforce Training; Youth Programs; Housing Services","Women, girls, and families in the Chicago metropolitan area; survivors of domestic violence",citywide,Serves 200000+ people annually across the Chicago metropolitan area,"safe spaces, economic mobility, systemic change, workforce development, community building, housing stability",all ages,yes
Chicago Foundation for Women,https://www.cfw.org/,Women Empowerment,"Chicago, IL","The Chicago Foundation for Women invests in organizations and individuals working to advance gender equity in the Chicago region. They provide grants, leadership development, and advocacy to support women and girls, with a focus on safety, economic security, and health. CFW has invested over $50 million in the Chicago region since its founding in 1985.","gender equity, women, grants, leadership, safety, economic security, health, Chicago","Grantmaking; Leadership Development; Advocacy; Donor Education; Women's Fund Programs","Women and girls in the Chicago region; nonprofit organizations serving women and girls",citywide,Invested $50 million+ in the Chicago region since 1985 to advance gender equity,"economic mobility, systemic change, community building, public health, safe spaces",all ages,no
Chicago Literacy Alliance,https://www.chicagoliteracyalliance.org/,Education,"Chicago, IL","The Chicago Literacy Alliance is a nonprofit that connects, supports, and amplifies the work of literacy organizations across Chicago. They serve as a hub for over 100 literacy-focused nonprofits, helping them collaborate and share resources to improve literacy outcomes citywide. Their work addresses literacy as a foundational skill for education, employment, and civic participation.","literacy, education, nonprofits, collaboration, reading, writing, Chicago, community","Literacy Network Building; Resource Sharing; Collaborative Programs; Literacy Advocacy; Community Events; Literacy Directory","Children, adults, and families across Chicago seeking literacy support; literacy-focused nonprofits",citywide,Connects 100+ literacy organizations serving tens of thousands of Chicagoans annually,"education access, community building, economic mobility, workforce development",all ages,no
Urban Initiatives,https://www.urbaninitiatives.org/,Youth Development,"Chicago, IL","Urban Initiatives uses soccer as a vehicle to teach life skills, promote academic success, and develop character in Chicago youth. Their school-based programs integrate soccer with social-emotional learning and academic support, reaching students in underserved neighborhoods. They partner with Chicago Public Schools and community organizations across the city.","youth development, soccer, social-emotional learning, academic support, Chicago, school-based, life skills, sports","Work to Play (school-based soccer & life skills); Summer Programs; Community Events; Teacher Engagement","Youth in Chicago Public Schools; emphasis on underserved communities",citywide,Serves 10000+ students annually across Chicago Public Schools with soccer-based programming,"youth empowerment, education access, mentorship, community building",youth,yes
Sarah's Circle,https://www.sarahscircle.org/,Housing,"Chicago, IL - Uptown","Sarah's Circle provides a safe, welcoming place for women who are homeless or in crisis, offering shelter, housing, and supportive services to help women achieve stability and independence. They operate a 24/7 drop-in center and transitional housing, and provide case management, mental health services, and employment support. They serve women on Chicago's North Side, particularly in Uptown.","women, homelessness, shelter, housing, mental health, employment, Uptown, Chicago","24/7 Drop-In Center; Transitional Housing; Permanent Supportive Housing; Case Management; Mental Health Services; Employment Support; Basic Needs Services","Women who are homeless or in crisis on Chicago's North Side",Uptown,Provides shelter and services to hundreds of women annually in Uptown,"housing stability, basic needs, mental health, workforce development, safe spaces",adults,yes
Steppenwolf Theatre Company,https://www.steppenwolf.org/,Arts & Culture,"Chicago, IL - Lincoln Park","Steppenwolf Theatre Company is one of America's premier theater companies, known for its ensemble approach and commitment to artistic excellence and community engagement. Founded in 1974, Steppenwolf produces world-class theater and runs extensive education and community programs. Their Steppenwolf for Young Adults program brings theater to Chicago Public School students.","theater, arts, community engagement, education, Lincoln Park, Chicago, ensemble, youth","Main Stage Productions; Steppenwolf for Young Adults (SYA); Education Programs; LookOut Series; New Play Development; Community Programs","Theater audiences; Chicago youth and students; emerging artists",Lincoln Park,Serves 200000+ audience members annually and reaches thousands of students through education programs,"community building, education access, youth empowerment, safe spaces",all ages,yes
Chicago Sinfonietta,https://www.chicagosinfonietta.org/,Arts & Culture,"Chicago, IL","The Chicago Sinfonietta is one of the most diverse orchestras in the nation, committed to using music to build bridges across communities and cultures. Founded in 1987 by Paul Freeman, the orchestra actively champions diversity, equity, and inclusion in classical music. They offer education programs, community concerts, and mentorship for young musicians of color.","orchestra, diversity, classical music, arts, community, education, equity, inclusion","Symphony Concerts; Education Programs; Project Inclusion (mentorship for musicians of color); Community Concerts; Youth Programs","Music lovers and communities across Chicago; young musicians of color; underserved communities",citywide,One of the most diverse orchestras in the U.S. with Project Inclusion mentoring dozens of young musicians of color annually,"community building, education access, mentorship, youth empowerment",all ages,yes
Lakeview Pantry,https://www.lakeviewpantry.org/,Food,"Chicago, IL - Lakeview","Lakeview Pantry is one of Chicago's largest food pantries, providing food, social services, and mental health support to neighbors in need on the North Side. They serve thousands of households each month with groceries, and also offer case management, mental health counseling, and benefits navigation. Their holistic approach addresses both immediate food needs and underlying causes of food insecurity.","food pantry, food insecurity, social services, mental health, North Side, Lakeview, Chicago, community","Food Pantry; Mental Health Services; Case Management; Benefits Navigation; Community Programs; Holiday Programs","Low-income individuals and families on Chicago's North Side",Lakeview,Serves 3000+ households monthly with food and wraparound services,"basic needs, mental health, community building, public health",all ages,yes
Inspiration Corporation,https://www.inspirationcorp.org/,Economic Mobility,"Chicago, IL - Uptown","Inspiration Corporation helps people who are affected by homelessness and poverty to improve their lives and increase self-sufficiency through the power of employment, housing, and community. They operate a social enterprise restaurant (Inspiration Kitchens) that provides culinary job training and a café open to the public. Their approach combines dignity, community, and practical skills.","homelessness, poverty, employment, housing, culinary training, social enterprise, Uptown, Chicago","Culinary Job Training (Inspiration Kitchens); Employment Services; Housing Programs; Community Café; Case Management","People affected by homelessness and poverty; individuals seeking employment and housing",Uptown,Trains and places hundreds of individuals in culinary and food service jobs annually,"economic mobility, workforce development, housing stability, community building, basic needs",adults,yes
Chicago Children's Advocacy Center,https://www.chicagocac.org/,Youth Development,"Chicago, IL","The Chicago Children's Advocacy Center (ChicagoCAC) provides a child-friendly environment for the investigation and treatment of child abuse. They coordinate a multidisciplinary team approach to child abuse cases, providing forensic interviews, medical exams, mental health services, and family support. Their model reduces trauma for child abuse victims by consolidating services in one safe location.","child abuse, child advocacy, forensic interviews, mental health, family support, trauma-informed, Chicago, youth","Forensic Interviews; Medical Examinations; Mental Health Services; Family Support; Multidisciplinary Team Coordination; Prevention Education","Child abuse victims and their families in Chicago",citywide,Serves 2000+ child abuse victims annually with trauma-informed care,"safe spaces, mental health, public health, youth empowerment, community building",youth,no
Chicago Community Bond Fund,https://chicagobond.org/,Criminal Justice,"Chicago, IL","The Chicago Community Bond Fund pays bond for people who cannot afford to pay their own, working to end the use of money bond in Illinois. They believe that freedom before trial should not depend on wealth, and they organize alongside people directly impacted by the criminal legal system. Their work combines direct bond payment with systemic advocacy for criminal justice reform.","criminal justice, money bond, pretrial freedom, advocacy, racial equity, systemic change, Chicago, incarceration","Bond Payment; Community Organizing; Policy Advocacy; Know Your Rights Education; Reentry Support","People who cannot afford bond in Cook County; communities impacted by the criminal legal system",citywide,Has paid bond for hundreds of people and helped pass the Pretrial Fairness Act in Illinois,"systemic change, community building, economic mobility, housing stability",adults,yes
Preservation Chicago,https://preservationchicago.org/,Arts & Culture,"Chicago, IL","Preservation Chicago is a nonprofit advocacy organization dedicated to protecting and preserving Chicago's historic architecture and neighborhoods. They publish an annual list of Chicago's 7 Most Endangered Buildings to raise awareness and mobilize action. Their work ensures that the city's architectural heritage is maintained for future generations.","historic preservation, architecture, advocacy, neighborhoods, Chicago, cultural heritage, community, landmarks","Chicago 7 Most Endangered Buildings List; Advocacy Campaigns; Educational Programs; Community Engagement; Architectural Tours","Chicago residents, architects, historians, and community members interested in historic preservation",citywide,Has saved dozens of historic Chicago buildings from demolition through advocacy campaigns,"community building, systemic change, education access",all ages,yes
Chicago Run,https://www.chicagorun.org/,Youth Development,"Chicago, IL","Chicago Run is a nonprofit that uses running to improve the health and well-being of Chicago youth. They provide free running programs in Chicago Public Schools and community centers, teaching students that physical activity is a lifelong tool for health and happiness. Their programs also incorporate social-emotional learning and goal-setting.","running, youth health, physical activity, Chicago Public Schools, wellness, social-emotional learning, community, youth","School Running Programs; Community Running Clubs; Chicago Marathon Training; Youth Races; Teacher Training","Youth in Chicago Public Schools and community centers; emphasis on underserved neighborhoods",citywide,Serves 5000+ youth annually across Chicago Public Schools with free running programs,"youth empowerment, education access, community building, public health",youth,yes
Metropolitan Family Services,https://www.metrofamilyservices.org/,Mental Health,"Chicago, IL","Metropolitan Family Services empowers Chicago families to reach their greatest potential by providing mental health, education, economic empowerment, and violence prevention services. They have been serving Chicago families for over 175 years, operating across multiple service centers throughout the city. Their holistic approach addresses the full range of challenges facing urban families.","mental health, family services, education, economic empowerment, violence prevention, Chicago, community, wraparound","Mental Health Counseling; Early Childhood Education; Economic Empowerment Programs; Violence Prevention; Senior Services; Disability Services; Legal Aid","Children, adults, seniors, and families across Chicago; emphasis on underserved communities",citywide,Serves 60000+ individuals annually across Chicago with comprehensive family services,"mental health, education access, economic mobility, community building, basic needs, public health",all ages,yes
Enlace Chicago,https://www.enlacechicago.org/,Youth Development,"Chicago, IL - Little Village","Enlace Chicago is a community organization in Little Village dedicated to building community power and improving the quality of life for residents. They work on violence prevention, youth development, and community organizing to address the root causes of poverty and inequality. Their approach centers the voices and leadership of Little Village residents.","Little Village, community organizing, violence prevention, youth development, Latino community, Chicago, empowerment, advocacy","Violence Prevention Programs; Youth Development; Community Organizing; Workforce Development; Health Programs; Immigration Services","Residents of Little Village and the broader Southwest Side; Latino community",Little Village,Has organized thousands of Little Village residents to advocate for community improvements and violence prevention,"community building, systemic change, youth empowerment, workforce development, immigrant support",all ages,yes
Lawndale Christian Health Center,https://lawndale.org/,Mental Health,"Chicago, IL - North Lawndale","Lawndale Christian Health Center provides comprehensive, affordable healthcare to the residents of North Lawndale and surrounding communities. They offer primary care, behavioral health, dental, vision, and specialty services with a mission rooted in Christian values of compassion and service. They are one of the largest federally qualified health centers in Illinois.","healthcare, primary care, behavioral health, North Lawndale, affordable, community health, Chicago, Christian","Primary Care; Behavioral Health; Dental Services; Vision Care; Specialty Services; Women's Health; Pediatrics; Pharmacy","Residents of North Lawndale and surrounding communities; uninsured and underinsured patients","North Lawndale",Serves 50000+ patients annually as one of Illinois' largest federally qualified health centers,"public health, mental health, community building, basic needs",all ages,yes
Chicago Scholars,https://www.chicagoscholars.org/,Education,"Chicago, IL","Chicago Scholars empowers first-generation college students from underserved Chicago communities to graduate from college and launch meaningful careers. They provide a comprehensive support system including college counseling, mentorship, scholarships, and career development. Their scholars are selected in high school and supported through college graduation and into the workforce.","first-generation college students, education, mentorship, scholarships, career development, Chicago, underserved, youth","College Counseling; Mentorship Program; Scholarship Support; Career Development; Alumni Network; College Success Coaching","First-generation college students from underserved Chicago communities",citywide,90%+ of Chicago Scholars students graduate from college compared to a 50% national average for first-gen students,"education access, mentorship, economic mobility, youth empowerment, workforce development",youth,yes
Lurie Children's Hospital Foundation,https://www.luriechildrens.org/,Mental Health,"Chicago, IL - Streeterville","Ann & Robert H. Lurie Children's Hospital of Chicago is one of the nation's top children's hospitals, providing exceptional care for children with the most complex conditions. The hospital's foundation supports research, education, and community health programs that improve the lives of children across Chicago and beyond. They are consistently ranked among the best children's hospitals in the U.S.","children's health, pediatrics, research, education, community health, Chicago, hospital, innovation","Pediatric Medical Care; Research Programs; Community Health Programs; Education & Training; Mental Health Services; Advocacy","Children and families across Chicago and the broader region; emphasis on complex and underserved cases",Streeterville,Ranked among top 10 children's hospitals in the U.S. and serves hundreds of thousands of patients annually,"public health, mental health, community building, education access",youth,no
Easterseals Chicagoland,https://www.easterseals.com/chicagoland/,Mental Health,"Chicago, IL","Easterseals Chicagoland provides exceptional services, education, outreach, and advocacy for people with disabilities and their families. They offer a wide range of programs including early intervention, autism services, employment support, and adult day services. Their mission is to ensure that people with disabilities have equal opportunities to live, learn, work, and play.","disability services, autism, early intervention, employment, adults, children, Chicago, advocacy","Early Intervention; Autism Services; Employment Services; Adult Day Services; Respite Care; Assistive Technology; Advocacy","Children and adults with disabilities and their families in the Chicago area",citywide,Serves thousands of individuals with disabilities annually across the Chicagoland area,"education access, workforce development, community building, mental health, public health",all ages,no
Chicago Legal Clinic,https://www.clclaw.org/,Criminal Justice,"Chicago, IL - South Side","Chicago Legal Clinic provides free and low-cost legal services to low-income residents of Chicago's South and Southeast Sides. They handle cases in family law, housing, immigration, criminal defense, and more, ensuring that low-income residents have access to justice. They also offer community legal education to help residents understand their rights.","legal aid, low-income, South Side, housing, immigration, family law, criminal defense, Chicago","Family Law Services; Housing Legal Aid; Immigration Services; Criminal Defense; Community Legal Education; Expungement Clinics","Low-income residents of Chicago's South and Southeast Sides","South Side, Southeast Side",Provides free legal services to thousands of low-income residents annually on Chicago's South Side,"systemic change, community building, housing stability, immigrant support, economic mobility",all ages,no
Mikva Challenge,https://www.mikvachallenge.org/,Youth Development,"Chicago, IL","Mikva Challenge develops youth to be informed, active, and powerful citizens and community leaders. They run civic engagement programs in Chicago Public Schools that teach students about democracy, advocacy, and community organizing. Their programs have trained thousands of young people to participate in elections, advocate for policy change, and lead in their communities.","civic engagement, youth, democracy, advocacy, community organizing, Chicago, education, leadership","Issue Area Campaigns; Internship Programs; Action Civics; Election Programs; Youth-Led Advocacy; Leadership Development","Youth in Chicago Public Schools; emphasis on underserved communities",citywide,Has engaged 150000+ young people in civic action since founding,"youth empowerment, education access, systemic change, community building",youth,yes
Illinois Humanities,https://www.ilhumanities.org/,Arts & Culture,"Chicago, IL","Illinois Humanities connects people to ideas that matter through public programs, grants, and partnerships across Illinois. They support humanities-based projects that foster civic dialogue, cultural understanding, and community engagement. Their programs reach communities across the state, with a strong presence in Chicago neighborhoods.","humanities, arts, culture, civic dialogue, grants, community, Chicago, Illinois","Public Programs; Grantmaking; Partnerships; Civic Dialogue Events; Community Storytelling; Cultural Programs","Illinois residents; community organizations; educators; artists and humanists",citywide,Funds hundreds of humanities projects annually across Illinois reaching tens of thousands of participants,"community building, education access, systemic change",all ages,yes
Respiratory Health Association,https://resphealth.org/,Mental Health,"Chicago, IL","The Respiratory Health Association has been fighting lung disease and promoting clean air in the Chicago region for over 100 years. They fund research, provide education, and advocate for policies that protect lung health and reduce air pollution. Their programs address asthma, COPD, lung cancer, and the environmental factors that contribute to respiratory disease.","lung health, asthma, air quality, advocacy, research, education, Chicago, environment","Lung Health Research Funding; Asthma Education Programs; Air Quality Advocacy; COPD Programs; Lung Cancer Awareness; Community Health Education","Individuals with respiratory conditions; communities affected by air pollution in Chicago",citywide,Has funded $30 million+ in lung disease research and advocacy over its 100+ year history,"public health, environmental justice, systemic change, community building",all ages,no
